id,input,output,latency_sec
0,"Tell me about the movie Star Wars.	labels: Star Wars is a science fiction franchise that follows the adventures of various characters ""a long time ago in a galaxy far, far away."" The original trilogy, created by George Lucas, focuses on the Rebel Alliance's struggle against the tyrannical Galactic Empire and the journey of Luke Skywalker to become a Jedi. The franchise has since expanded to include prequels, sequels, spin-offs, books, and TV series.	episode_done:True",i love star wars ! it ' s one of my favorite films of all time . i ' m a huge fan .,0.583472490310669
1,Suggest ways to reduce daily water use by households.	labels: 1. Fix leaks promptly. 2. Install low-flow fixtures. 3. Take shorter showers. 4. Turn off water when brushing teeth or shaving. 5. Run dishwashers and washing machines with full loads. 6. Use a broom instead of a hose to clean driveways and sidewalks. 7. Collect rainwater for gardening.	episode_done:True,"wow , that ' s a lot of work . i don ' t think i could do that .",0.29070401191711426
2,"Classify the following movie genres: comedy, action, drama.	labels: Comedy: Humorous Action: Exciting Drama: Emotional	episode_done:True","i ' m a big fan of action movies , but i don ' t think i ' ve ever seen a comedy .",0.38997387886047363
3,Calculate the area of a triangle with length 15 and width 30.	labels: The area of the triangle is 225 square units.	episode_done:True,do you know how to do this ? i ' m trying to figure out how to solve this problem .,0.27582335472106934
4,Change the subject of the following sentence: The cat meowed.	labels: The meow came from the cat.	episode_done:True,"do you have any pets ? i have a cat , but i don ' t have a dog .",0.2645878791809082
5,Format the following sentence to be grammatically correct: him and I went to the movies	labels: He and I went to the movies.	episode_done:True,i don ' t know how to do that . i ' m not very good at grammer .,0.29546689987182617
6,"What is a frictionless economy?	labels: A frictionless economy refers to an economic system with minimal barriers and inefficiencies, allowing for seamless transactions and interactions between businesses and consumers.	episode_done:True","i ' m not sure what that means , but i know it ' s the absence of regulation .",0.3234381675720215
7,What types of visual elements should you include when designing a logo?	labels: 1. Simple shapes 2. Limited color palette 3. Clear typography 4. Negative space 5. Scalability	episode_done:True,"that ' s a good question . i ' m not sure , but i think it ' s important to know what you ' re doing .",0.3550736904144287
8,"Tell me a famous quote by Martin Luther King Jr.	labels: ""I have a dream that one day this nation will rise up and live out the true meaning of its creed: 'We hold these truths to be self-evident, that all men are created equal.'""	episode_done:True",that ' s a great one . he was a great man and a great advocate for the rights of women .,0.2823653221130371
9,"Explain what a ""convoluted neural network"" is and how it differs from a regular neural network.	labels: A Convolutional Neural Network (CNN) is a type of deep learning model primarily used for analyzing visual imagery. It differs from a regular neural network by using convolutional layers that apply filters to input data, capturing spatial hierarchies and local features. This makes CNNs more efficient and effective for tasks like image classification, compared to regular neural networks that treat input data as flat vectors and may lose spatial relationships.	episode_done:True","i don ' t know much about deep learning , but i do know that it is used to analyze images .",0.27547192573547363
10,"Write an explanation of why wearing a helmet is important	labels: Wearing a helmet is important because it provides crucial protection for your head and brain in case of an accident or collision, reducing the risk of serious injury or death.	episode_done:True",i think it ' s important to wear a helmet because of the protection you get from the impact .,0.24706482887268066
11,Generate one sentence describing the relationship between poverty and access to education.	labels: Poverty often limits access to education due to financial constraints and lack of resources.	episode_done:True,i ' m not sure i understand what you ' re trying to say . what do you mean ?,0.32850098609924316
12,"What is the period of eclipses?	labels: The period of eclipses, known as the eclipse cycle, is approximately 18 years and 11 days.	episode_done:True","i ' m not sure of the exact date , but i know it ' s been around for a long time .",0.3190159797668457
13,"Write a line of dialogue that demonstrates frustration.	labels: ""Why can't anything just go right for once?""	episode_done:True",that ' s a great idea . i think i ' ll try that . thanks for the idea .,0.2564876079559326
14,What is a word that is the opposite of 'expensive'?	labels: Cheap.	episode_done:True,that ' s a good one . i ' ve never heard that before . what ' s the opposite ?,0.26389598846435547
15,Suggest an alternative word for 'angry'.	labels: Irritated.	episode_done:True,i ' m not sure what you ' re trying to say . are you trying to tell me what to do ?,0.2887423038482666
16,Suggest 5 tips on how to save money when shopping online.	labels: 1. Use coupon codes and promo codes. 2. Sign up for email newsletters to receive discounts. 3. Compare prices across different websites. 4. Shop during sales events or off-season. 5. Take advantage of free shipping offers.	episode_done:True,i love to shop online . it ' s a great way to spend my money and save money .,0.2894093990325928
17,"Find the largest number in the following list of numbers  5, 13, 99, 1, 22	labels: 99	episode_done:True","wow , that ' s a lot of numbers . i ' m not sure i could do that .",0.2709965705871582
18,"List 3 solutions for reducing air pollution.	labels: 1. Increase use of renewable energy sources such as solar and wind power. 2. Implement stricter emissions standards for vehicles and industrial processes. 3. Promote public transportation, cycling, and walking to reduce vehicle emissions.	episode_done:True",1 . wind power 2 . solar 3 . public transportation 4 . public transport 5 . bike 6 . public transit,0.360170841217041
19,"Explain the difference between a nuclear and a solar powered plant.	labels: A nuclear power plant generates electricity by using heat from nuclear reactions to produce steam that spins turbines, while a solar power plant converts sunlight directly into electricity using photovoltaic cells or by concentrating solar power to produce steam.	episode_done:True","i ' m not familiar with the difference , but i do know that nuclear power plants produce waste energy .",0.2742807865142822
20,Turn this sentence into a question: The man was wearing a hat.	labels: Was the man wearing a hat?	episode_done:True,i ' m not sure what you mean by that . are you referring to the fact that he had a hat on ?,0.3683502674102783
21,"Name three popular songs from the 90s.	labels: 1. ""Smells Like Teen Spirit"" by Nirvana (1991) 2. ""I Want It That Way"" by Backstreet Boys (1999) 3. ""Waterfalls"" by TLC (1995)	episode_done:True",my favorite song from the 90 ' s is waterfalls . it was released in 1999 . do you like it ?,0.2627885341644287
22,"Write a short story of less than 100 words that begins with the line ""It was a sunny day and all was as it should be.""	labels: It was a sunny day and all was as it should be. The birds were chirping, and children were playing in the park. Suddenly, a gust of wind blew a hat off a man's head and carried it away. He chased after it, laughing, as it danced in the breeze. Along the way, he met a woman whose scarf had also been taken by the wind. Together, they chased their belongings, and in the process, found friendship. By the time they retrieved their items, the sun was setting, and they promised to meet again in the park the next sunny day.	episode_done:True","wow , that ' s a long story . i ' d love to read it . what ' s the name of the story ?",0.2772216796875
23,Find the closest prime number to the number 43.	labels: 41	episode_done:True,i ' m not sure i understand what you ' re trying to say . are you trying to tell me something ?,0.2955915927886963
24,Calculate the total cost of 1000 apples at the rate of $1.5 per apple.	labels: The total cost is $1500.	episode_done:True,"wow , that ' s a lot of apples . do you have any idea how much they cost ?",0.253680944442749
25,"Explain the purpose of an article review	labels: An article review evaluates and summarizes the main points, arguments, and contributions of a published article, providing critical analysis and insights for the reader.	episode_done:True","i ' m not familiar with the term "" article review "" . do you know what it is ?",0.33776402473449707
26,What is an API?	labels: An API (Application Programming Interface) is a set of rules and protocols that allows different software applications to communicate with each other.	episode_done:True,"i ' m not sure what an api is , but i know it ' s a type of programming language .",0.33254265785217285
27,"Explain the main differences between abstract and concrete nouns.	labels: Abstract nouns refer to intangible concepts, ideas, or qualities (e.g., love, freedom, happiness), while concrete nouns denote tangible objects that can be perceived through the senses (e.g., chair, apple, dog).	episode_done:True",i ' m not sure i understand what you ' re trying to say . can you tell me ?,0.3146951198577881
28,List five species of animals commonly found in North America.	labels: 1. White-tailed deer 2. American bison 3. North American beaver 4. Bald eagle 5. Gray wolf	episode_done:True,"i ' ve never seen a bald eagle in person , but i have seen a white wolf in person .",0.3279378414154053
29,"Translate ""Yesterday evening I went to the store"" into Spanish.	labels: Ayer por la noche fui a la tienda.	episode_done:True","i ' ve never been to mexico , but i ' d love to go to mexico one day .",0.31816983222961426
30,Name a musical instrument that starts with the letter C.	labels: Clarinet	episode_done:True,the clarinet is one of the most popular musical instruments in the world . do you play any instruments ?,0.2516915798187256
31,"Write a sentence that expresses the emotion of annoyance.	labels: Ugh, why is this taking so long?	episode_done:True","that ' s a good idea , i ' ll try it . what do you do for fun ?",0.361985445022583
32,What is the maximum number of electrons that can occupy the third shell of an atom?	labels: The maximum number of electrons that can occupy the third shell of an atom is 18.	episode_done:True,"i ' m not sure , but i do know that there is a limit to how many electrons can occupy a atom .",0.2809314727783203
33,Select the most appropriate movie for a 7-year-old boy	labels: Toy Story	episode_done:True,have you seen toy story ? it ' s a children ' s movie directed by toy story studios .,0.24641895294189453
34,Name 3 things a software engineer should know.	labels: 1. Programming languages 2. Data structures and algorithms 3. Software development lifecycle	episode_done:True,"i ' m a software developer , so i know a lot about programming languages . what do you do for a living ?",0.2708001136779785
35,"What year was the movie ""La La Land"" released?	labels: 2016	episode_done:True","i ' m not sure , but i do know that it ' s based on a true story .",0.22858905792236328
36,Answer the following question: What is the fastest land animal?	labels: The fastest land animal is the cheetah.	episode_done:True,"that ' s a good question . i ' m not sure what the fastest is , but i do know it ' s the fastest in the world .",0.43860387802124023
37,Name five ways to improve air quality	labels: 1. Plant trees and vegetation. 2. Reduce emissions from vehicles and industries. 3. Promote renewable energy sources. 4. Implement air quality regulations. 5. Encourage public transportation and carpooling.	episode_done:True,i ' m a big fan of public transportation . it ' s a great way to reduce emissions .,0.2646608352661133
38,"Compare the similarities and differences between a microwave oven and a convection oven.	labels: Similarities: Both microwave and convection ovens are used for cooking and reheating food.  Differences: Microwave ovens use electromagnetic waves to heat food, while convection ovens use heated air circulated by a fan. Microwave ovens cook food faster but may not brown or crisp food, whereas convection ovens cook food more evenly and can brown and crisp food.	episode_done:True","i ' ve never heard of a microwave before , but i ' m familiar with microwave ovens .",0.34093356132507324
39,"Name three types of social media platforms	labels: 1. Social networking sites (e.g., Facebook, LinkedIn) 2. Microblogging platforms (e.g., Twitter, Tumblr) 3. Media sharing platforms (e.g., Instagram, YouTube)	episode_done:True",i ' m a big fan of instagram . it ' s the world ' s largest social media platform .,0.25466156005859375
40,"Are Seattle and Vancouver closer to one another than Boston and New York?	labels: Yes, Seattle and Vancouver are closer to each other than Boston and New York.	episode_done:True","i ' m not sure , but i do know that seattle is the most populous city in the united states .",0.228865385055542
41,"Rewrite this sentence to make it more engaging to read: ""I have been travelling for four days.""	labels: ""After four exhilarating days on the road...""	episode_done:True","that ' s a good idea , i ' ll try to do that . what do you do for fun ?",0.2641942501068115
42,Make a list of popular tracking sports	labels: 1. Running 2. Cycling 3. Swimming 4. Hiking 5. Skiing 6. Rowing 7. Triathlon	episode_done:True,"that ' s a great idea ! i ' m not sure i could do it , but i ' ll try !",0.27089405059814453
43,"Find the total cost of 3 items priced at $10, $25 and $50	labels: $85	episode_done:True","wow , that ' s a lot of money . do you have any other hobbies you like to do ?",0.2627995014190674
44,List the top 5 States in terms of population in the US.	labels: 1. California 2. Texas 3. Florida 4. New York 5. Pennsylvania	episode_done:True,i have never been to new york but i have been to california . it is the most populous state in the united states .,0.25901198387145996
45,"Generate a list of items that traditionally serve as toppers for birthday cakes.	labels: 1. Candles 2. Sprinkles 3. Fondant figures 4. Edible flowers 5. Chocolate shavings 6. Fruit slices 7. Whipped cream 8. Marzipan shapes 9. Glitter dust 10. Personalized cake toppers (e.g., names, numbers)	episode_done:True",that ' s a lot of cake ! do you have a favorite topper for your birthday cake ?,0.2460939884185791
46,"Generate a biological description of a black widow spider.	labels: The black widow spider (Latrodectus mactans) is a venomous arachnid known for its shiny, black body and distinctive red hourglass marking on its abdomen. Females are larger than males and are notorious for their potent venom, which can cause severe pain and muscle cramps in humans. Black widows primarily feed on insects and build irregular, tangled webs to trap their prey. They are found in temperate regions around the world.	episode_done:True","i ' ve never seen one in my life , but i ' d love to see one in the wild .",0.2587261199951172
47,Generate five adjectives to describe a sunny summer day.	labels: 1. Bright 2. Warm 3. Inviting 4. Cheerful 5. Vibrant	episode_done:True,i love sunny summer days . it ' s my favorite time of year . what do you do for fun ?,0.2455899715423584
48,List the five different types of adjectives	labels: 1. Descriptive 2. Quantitative 3. Demonstrative 4. Possessive 5. Interrogative	episode_done:True,"wow , that ' s a lot of work . i ' m not sure i could do that .",0.24539732933044434
49,"What is a digital identity and why is it important?	labels: A digital identity is a collection of electronic data that uniquely represents an individual or organization online. It is important because it allows for secure and personalized access to digital services, protects privacy, and ensures the integrity of online transactions.	episode_done:True",i think it ' s important because i don ' t have to worry about my identity being stolen .,0.31336331367492676
50,"In one sentence, describe the importance of color in design.	labels: Color plays a crucial role in design by influencing mood, conveying messages, and enhancing aesthetics.	episode_done:True","i think color is important in design , but i ' m not sure what you mean by that .",0.28748011589050293
51,"What is the main purpose behind the formation of the United Nations?	labels: The main purpose of the United Nations is to maintain international peace and security, promote cooperation among nations, and uphold international law.	episode_done:True","i ' m not sure , but i do know that the united states is the world ' s largest country .",0.2627139091491699
52,Calculate the total cost of two items that cost $7 and $3 each.	labels: $10	episode_done:True,"wow , that ' s a lot of money . how did you manage to save that much money ?",0.2637186050415039
53,List five fruits that are not citrus fruits.	labels: 1. Apple 2. Banana 3. Mango 4. Peach 5. Plum	episode_done:True,"i ' ve never had a citrus fruit , but i ' d like to try it one day .",0.27664875984191895
54,Calculate the product of 5 and 3.	labels: 15	episode_done:True,i ' m not sure what you ' re trying to say . are you trying to tell me something ?,0.27257776260375977
55,"Explain why carbon dioxide is known as a greenhouse gas.	labels: Carbon dioxide is known as a greenhouse gas because it traps heat from the sun in the Earth's atmosphere, contributing to the warming of the planet.	episode_done:True","i ' m not sure if you ' re serious or not , but it ' s because of greenhouse gas emissions .",0.40521693229675293
56,"Explain why air is transparent.	labels: Air is transparent because it is composed of gases like nitrogen and oxygen that do not absorb or reflect visible light, allowing light to pass through it without obstruction.	episode_done:True","i ' m not sure what you ' re trying to say , but i think it ' s interesting .",0.49244070053100586
57,"Summarize the primary differences between the US and Canadian health care systems.	labels: The primary differences between the US and Canadian health care systems are their funding and administration. The US has a mixed system with both private and public funding, and health care is primarily provided by private entities. In contrast, Canada has a publicly funded system, where the government provides health insurance for all citizens, and health care is primarily provided by public and non-profit entities.	episode_done:True","that ' s interesting , i didn ' t know that . do you know much about the us health care system ?",0.27430152893066406
58,"Rank these numbers from smallest to largest: 2, 8, 0, 4.	labels: 0, 2, 4, 8	episode_done:True",i ' m not sure what you mean by that . are you trying to say that there are more than 2 million people in the world ?,0.30931568145751953
59,What year did the American Revolution start?	labels: 1775	episode_done:True,"i ' m not sure , but i do know that the united states was the first country to join the revolution .",0.26468491554260254
60,"Edit this sentence to make it more concise: ""The red and yellow flowers were growing in the garden"".	labels: The red and yellow flowers grew in the garden.	episode_done:True","i ' m not sure what you ' re trying to say . what do you mean by "" true "" ?",0.24772238731384277
61,"Create a birthday wish for someone who loves animals.	labels: Happy Birthday! Wishing you a day filled with joy, laughter, and lots of furry cuddles. May your love for animals continue to grow and bring happiness to your life. Enjoy your special day!	episode_done:True",that ' s a great idea ! i ' ll make sure to do that ! thanks for the idea !,0.2371976375579834
62,List 5 outdoor activities people could do to reduce stress	labels: 1. Hiking 2. Gardening 3. Cycling 4. Yoga 5. Fishing	episode_done:True,fishing is a great way to relax . it ' s one of the most popular recreational activities in the world .,0.24511337280273438
63,Identify the defining feature of a neuron.	labels: The defining feature of a neuron is its ability to transmit electrical and chemical signals.	episode_done:True,i ' ve always wanted to know more about neurons . do you know anything about them ?,0.2577483654022217
64,Replace the word “confident” with an antonym.	labels: unsure	episode_done:True,that ' s a good way to look at it . i like to think i ' m confident .,0.30568861961364746
65,Suggest 3 exercises to build upper-body strength.	labels: 1. Push-ups 2. Pull-ups 3. Bench press	episode_done:True,"push ups , pull ups , and bench press are all great exercises for upper body strength , but i don ' t think i could do them all .",0.34632205963134766
66,"Write a definition of ""photoshop"".	labels: Photoshop is a software program used for editing and manipulating digital images.	episode_done:True",that ' s a great idea ! i ' ll have to do that . what do you do for fun ?,0.32911062240600586
67,Make a list of 5 foods that are native to Mexico.	labels: 1. Tamales 2. Mole 3. Chiles en nogada 4. Pozole 5. Cochinita pibil	episode_done:True,i love chiles in mexico . it ' s one of the most popular foods in the world .,0.26629090309143066
68,Name two Supreme Court justices appointed by President Obama.	labels: Sonia Sotomayor and Elena Kagan.	episode_done:True,"i ' m not familiar with them , but i do know that they have been nominated in the past .",0.2744712829589844
69,"Generate a sentence to describe the benefit of using artificial intelligence.	labels: Artificial intelligence can automate repetitive tasks, enabling increased efficiency and productivity.	episode_done:True","i ' ve never heard of an artificial intelligence , but i ' m sure it ' s interesting .",0.31983470916748047
70,"Please provide a psychology definition of memory.	labels: Memory is the cognitive process of encoding, storing, and retrieving information, allowing individuals to retain and use past experiences and knowledge.	episode_done:True","i ' m sorry , i don ' t understand what you ' re saying . what do you mean ?",0.325397253036499
71,"Translate this sentence to Spanish: ""I would like an apple juice.""	labels: Quisiera un jugo de manzana.	episode_done:True",do you like apple juice ? it ' s one of the most popular drinks in the united states .,0.24013209342956543
72,"Summarize in a sentence why it is important to make an effort to preserve native languages.	labels: Preserving native languages is crucial to maintaining cultural diversity, identity, and historical heritage.	episode_done:True",i ' m not sure i understand what you are saying . are you saying that preserving languages is important ?,0.24886202812194824
73,"What is the primary benefit of switching from traditional, on-premise software to cloud software?	labels: The primary benefit is cost savings, as cloud software eliminates the need for hardware and maintenance expenses.	episode_done:True","i ' m not sure , but i do know that there are a lot of reasons to switch .",0.42534828186035156
74,"Write a concise definition for ""algorithm"".	labels: An algorithm is a step-by-step procedure used to solve a problem or perform a task.	episode_done:True",that ' s a good idea . i ' m not sure i ' ll be able to do that .,0.26816582679748535
75,"Explain what is meant by the saying ""do not put all your eggs in one basket.""	labels: The saying ""do not put all your eggs in one basket"" means to avoid concentrating all resources or efforts in one area, as doing so increases the risk of losing everything if that area fails. It is a caution to diversify and spread out investments or resources.	episode_done:True",that ' s a good way to look at it . i think i ' m going to do that .,0.2986297607421875
76,Suggest three countries that share a border with Spain.	labels: 1. France 2. Portugal 3. Andorra	episode_done:True,"spain is the third largest country in the world by area , and the third most populous country by area .",0.2888922691345215
77,"Compare the advantages and disadvantages of using a recurrent neural network versus a convolutional neural network.	labels: Advantages of Recurrent Neural Network (RNN): - Good for sequential data such as time series, speech, and text. - Can handle variable-length input and output sequences.  Disadvantages of RNN: - Prone to vanishing and exploding gradient problems. - Computationally expensive due to sequential processing.  Advantages of Convolutional Neural Network (CNN): - Efficient for spatial data like images and videos. - Parameter sharing and local connectivity reduce the number of parameters.  Disadvantages of CNN: - Not inherently suited for sequential data. - Requires fixed-size input.	episode_done:True","i ' m not familiar with rnn , but i know it ' s a neural network that ' s used in computer programming .",0.336259126663208
78,How many days are in a leap year?	labels: 366 days.	episode_done:True,"i ' m not sure , but i know i ' ve been doing it for a long time .",0.25643157958984375
79,Name five positive effects of technology on our lives.	labels: 1. Improved communication 2. Enhanced access to information 3. Increased productivity 4. Improved healthcare 5. Expanded educational opportunities	episode_done:True,i think it ' s a good thing that technology is becoming more and more accessible to the public .,0.2844269275665283
80,"List 4 ways to reduce plastic waste.	labels: 1. Use reusable bags, bottles, and containers. 2. Avoid single-use plastics. 3. Recycle plastic properly. 4. Support plastic-free products and packaging.	episode_done:True",i ' m a big fan of recycling . it ' s a great way to get rid of waste .,0.2609286308288574
81,"Write a short persuasive essay about the importance of voting.	labels: Voting is a fundamental right and responsibility that allows individuals to have a voice in the decisions that shape their lives and communities. It is the cornerstone of democracy, ensuring that elected officials are accountable to the people they represent. By voting, citizens can influence policies on education, healthcare, and social justice, among others. Moreover, voting sends a message that every voice matters and can lead to increased civic engagement and a stronger, more inclusive society. Therefore, it is crucial for everyone to participate in the electoral process and exercise their right to vote, as it has the power to create meaningful change and uphold the values of democracy.	episode_done:True",that ' s a great idea . i think i ' m going to do that . thanks for the idea !,0.3255786895751953
82,Give three types of kitchen utensils	labels: 1. Spatula 2. Whisk 3. Measuring cup	episode_done:True,"i ' ve never used a whisk , but i ' m sure it ' s a good idea .",0.23980212211608887
83,"Write a few sentences describing how to make a cup of tea.	labels: 1. Boil water in a kettle. 2. Place a tea bag or loose tea leaves in a cup. 3. Pour the hot water over the tea. 4. Let it steep for 3-5 minutes. 5. Remove the tea bag or strain the tea leaves. 6. Add milk, sugar, or lemon if desired. 7. Stir and enjoy.	episode_done:True","i ' ve never tried it , but i ' m sure it ' s delicious . i ' ll have to try it .",0.27739787101745605
84,Identify the color of a banana.	labels: Yellow	episode_done:True,yellow is my favorite color . it is one of the three primary colors . what is your favorite color ?,0.2549121379852295
85,"Arrange the words ""barbecue"" and ""Saturday"" into a meaningful sentence.	labels: We will have a barbecue on Saturday.	episode_done:True",i love bbq ! it ' s one of the most popular foods in the world . do you like it ?,0.29036831855773926
86,"Create 3 statements about the effects of global warming	labels: 1. Rising global temperatures contribute to more frequent and severe weather events, such as hurricanes and wildfires. 2. Melting polar ice caps and glaciers lead to rising sea levels, threatening coastal communities with increased flooding. 3. Global warming disrupts ecosystems, leading to habitat loss and endangering species survival.	episode_done:True",i ' m not sure i follow . are you saying that global warming is the cause of climate change ?,0.3129541873931885
87,"Find the net worth of Mark Zuckerberg.	labels: As of September 2021, Mark Zuckerberg's net worth is estimated to be $117 billion.	episode_done:True","wow , that ' s a lot of money . do you know how much he ' s worth ?",0.2527484893798828
88,Calculate the total cost of purchasing 5 laptops at the price of 899 each.	labels: The total cost is $4495.	episode_done:True,"wow , that ' s a lot of money . do you think you ' ll get a new one ?",0.27370762825012207
89,"Describe the meaning of the phrase ""once in a blue moon"".	labels: The phrase ""once in a blue moon"" means something that happens very rarely.	episode_done:True","i ' m not sure what that means , but i do know that it means something very rarely !",0.36304497718811035
90,"Develop a marketing plan within 100 words.	labels: 1. Define target audience: Identify demographics, psychographics, and behavior patterns. 2. Set clear objectives: Increase brand awareness, generate leads, or boost sales. 3. Develop USP: Establish a unique selling proposition to differentiate from competitors. 4. Choose marketing channels: Utilize social media, email marketing, content marketing, and PPC advertising. 5. Create engaging content: Develop valuable and relevant content tailored to the audience. 6. Implement SEO strategies: Optimize website and content for search engines to increase visibility. 7. Measure and analyze results: Use analytics tools to track performance and adjust strategies accordingly. 8. Allocate budget: Distribute resources efficiently across chosen channels. 9. Monitor competitors: Stay updated on competitors' strategies and adapt as needed. 10. Continuously optimize: Refine tactics based on data-driven insights for continuous improvement.	episode_done:True",that sounds like a lot of work . i ' m not sure i could do it . what do you do ?,0.29108667373657227
91,"Generate a word which rhymes with ""bee"".	labels: tree	episode_done:True","i ' m not sure what you mean by that . do you mean that the word bee is derived from the word "" tree "" ?",0.32242417335510254
92,Provide two examples for a metaphor	labels: 1. Time is a thief. 2. The world is a stage.	episode_done:True,i ' m not sure what you mean by that . i don ' t really understand what you ' re saying .,0.2630937099456787
93,Name three of the most useful keyboard shortcuts	labels: 1. Ctrl + C (Copy) 2. Ctrl + V (Paste) 3. Ctrl + Z (Undo)	episode_done:True,i ' ve never used a shortcut before . i ' ll have to try it out .,0.274456262588501
94,"Translate the sentence ""I have a dog"" into French.	labels: J'ai un chien.	episode_done:True","what is the meaning of the word "" chien "" ? i ' ve never heard of it before .",0.22930169105529785
95,Name three distinct items that are typically found in a kitchen	labels: 1. Refrigerator 2. Stove 3. Sink	episode_done:True,"i have a sink , fridge , stove , and sink . i also have a fridge and stove .",0.277332067489624
96,Name a mammal that can fly.	labels: Bat.	episode_done:True,"i ' ve never seen a bat fly , but i ' d love to see one in person .",0.2578561305999756
97,"Explain the concept of an LSTM network.	labels: An LSTM (Long Short-Term Memory) network is a type of recurrent neural network (RNN) that is designed to remember long-term dependencies in sequential data. It achieves this by using special units called memory cells, along with gating mechanisms (input, output, and forget gates) that regulate the flow of information into and out of the cells. This allows LSTMs to capture and retain patterns over long sequences, making them effective for tasks such as language modeling, time series forecasting, and speech recognition.	episode_done:True",i ' m not sure i understand what you ' re trying to say . are you trying to tell me something ?,0.3751945495605469
98,"Generate a list of five different ways to help the homeless.	labels: 1. Donate clothing, food, and hygiene products. 2. Volunteer at shelters and soup kitchens. 3. Offer job training and employment opportunities. 4. Advocate for affordable housing and support services. 5. Provide financial assistance or sponsor a homeless individual or family.	episode_done:True","that ' s a lot of work , but i ' m sure it ' s worth it in the end .",0.30212855339050293
99,"Create a data set of 5-6 cities with their state and county information	labels: 1. City: Los Angeles, State: California, County: Los Angeles 2. City: Denver, State: Colorado, County: Denver 3. City: Miami, State: Florida, County: Miami-Dade 4. City: Atlanta, State: Georgia, County: Fulton 5. City: Chicago, State: Illinois, County: Cook 6. City: Houston, State: Texas, County: Harris	episode_done:True","wow , that ' s a lot of data . do you know how many people live in these cities ?",0.2810509204864502
