text,label,prediction
 Tell me about the movie Star Wars.," Star Wars is a science fiction franchise that follows the adventures of various characters ""a long time ago in a galaxy far, far away."" The original trilogy, created by George Lucas, focuses on the Rebel Alliance's struggle against the tyrannical Galactic Empire and the journey of Luke Skywalker to become a Jedi. The franchise has since expanded to include prequels, sequels, spin-offs, books, and TV series.",i love star wars ! it ' s one of my favorite movies of all time . do you like star wars ?
 Suggest ways to reduce daily water use by households., 1. Fix leaks promptly. 2. Install low-flow fixtures. 3. Take shorter showers. 4. Turn off water when brushing teeth or shaving. 5. Run dishwashers and washing machines with full loads. 6. Use a broom instead of a hose to clean driveways and sidewalks. 7. Collect rainwater for gardening.,"i don ' t know how to reduce water use , but i do know that water is a source of energy ."
" Classify the following movie genres: comedy, action, drama.", Comedy: Humorous Action: Exciting Drama: Emotional,i ' m a big fan of action and drama movies . do you have a favorite genre of movies ?
 Calculate the area of a triangle with length 15 and width 30., The area of the triangle is 225 square units.,"how do you do that ? i ' m not very good at math , but i know how to do it ."
 Change the subject of the following sentence: The cat meowed., The meow came from the cat.,i ' m not sure what you mean by that . are you referring to the cat ' s meowing ?
 Format the following sentence to be grammatically correct: him and I went to the movies, He and I went to the movies.,i don ' t know how to do that . i ' m not very good at grammer .
 What is a frictionless economy?," A frictionless economy refers to an economic system with minimal barriers and inefficiencies, allowing for seamless transactions and interactions between businesses and consumers.",i ' m not sure what you mean by that . it ' s when the economy is less frictional .
 What types of visual elements should you include when designing a logo?, 1. Simple shapes 2. Limited color palette 3. Clear typography 4. Negative space 5. Scalability,"i ' m not sure what you mean by visual elements , but i think it ' s important to focus on the visual elements ."
 Tell me a famous quote by Martin Luther King Jr.," ""I have a dream that one day this nation will rise up and live out the true meaning of its creed: 'We hold these truths to be self-evident, that all men are created equal.'""","i ' m not sure what you ' re asking me , but i ' ll tell you something ."
" Explain what a ""convoluted neural network"" is and how it differs from a regular neural network."," A Convolutional Neural Network (CNN) is a type of deep learning model primarily used for analyzing visual imagery. It differs from a regular neural network by using convolutional layers that apply filters to input data, capturing spatial hierarchies and local features. This makes CNNs more efficient and effective for tasks like image classification, compared to regular neural networks that treat input data as flat vectors and may lose spatial relationships.",i ' m not sure what you ' re talking about . it ' s a network that uses a computer ' s memory .
 Write an explanation of why wearing a helmet is important," Wearing a helmet is important because it provides crucial protection for your head and brain in case of an accident or collision, reducing the risk of serious injury or death.",i don ' t think i ' ll be able to do that . i ' m scared of heights .
 Generate one sentence describing the relationship between poverty and access to education., Poverty often limits access to education due to financial constraints and lack of resources.,"i don ' t know about you , but i ' ve never been able to afford to go to school ."
 What is the period of eclipses?," The period of eclipses, known as the eclipse cycle, is approximately 18 years and 11 days.","i ' m not sure , but i know it ' s been a long time since i ' ve had an ecliptic ."
 Write a line of dialogue that demonstrates frustration.," ""Why can't anything just go right for once?""",that ' s a good idea . i ' m not sure i have the patience for that yet .
 What is a word that is the opposite of 'expensive'?, Cheap.,i ' m not sure what you mean by that . what is the word you ' re referring to ?
 Suggest an alternative word for 'angry'., Irritated.,i don ' t know . . . i ' m not sure what to say . i guess i ' ll just have to let it go .
 Suggest 5 tips on how to save money when shopping online., 1. Use coupon codes and promo codes. 2. Sign up for email newsletters to receive discounts. 3. Compare prices across different websites. 4. Shop during sales events or off-season. 5. Take advantage of free shipping offers.,1 . don ' t shop online . 2 . save money . 3 . ? ? ? 4 . profit !
" Find the largest number in the following list of numbers  5, 13, 99, 1, 22",99,"wow , that ' s a lot of numbers . do you know how many people have that number ?"
 List 3 solutions for reducing air pollution.," 1. Increase use of renewable energy sources such as solar and wind power. 2. Implement stricter emissions standards for vehicles and industrial processes. 3. Promote public transportation, cycling, and walking to reduce vehicle emissions.",1 . reduce the number of pollutants in the world . 2 . reduce greenhouse gas emissions . 3 . ? ? ? 4 . profit .
 Explain the difference between a nuclear and a solar powered plant.," A nuclear power plant generates electricity by using heat from nuclear reactions to produce steam that spins turbines, while a solar power plant converts sunlight directly into electricity using photovoltaic cells or by concentrating solar power to produce steam.",a nuclear plant is a power plant that is used to power the world ' s largest solar system .
 Turn this sentence into a question: The man was wearing a hat., Was the man wearing a hat?,i ' m not sure what you mean by that . are you referring to the fact that he had a hat ?
 Name three popular songs from the 90s.," 1. ""Smells Like Teen Spirit"" by Nirvana (1991) 2. ""I Want It That Way"" by Backstreet Boys (1999) 3. ""Waterfalls"" by TLC (1995)",i was born in the 90 ' s so i don ' t remember a lot of 90s music .
" Write a short story of less than 100 words that begins with the line ""It was a sunny day and all was as it should be."""," It was a sunny day and all was as it should be. The birds were chirping, and children were playing in the park. Suddenly, a gust of wind blew a hat off a man's head and carried it away. He chased after it, laughing, as it danced in the breeze. Along the way, he met a woman whose scarf had also been taken by the wind. Together, they chased their belongings, and in the process, found friendship. By the time they retrieved their items, the sun was setting, and they promised to meet again in the park the next sunny day.","wow , that ' s a lot of words . i ' m sure you ' re a great writer ."
 Find the closest prime number to the number 43.,41,i ' m not sure i understand what you ' re saying . what do you mean by that ?
 Calculate the total cost of 1000 apples at the rate of $1.5 per apple., The total cost is $1500.,"wow , that ' s a lot of apples . did you buy them fresh or fresh from the store ?"
 Explain the purpose of an article review," An article review evaluates and summarizes the main points, arguments, and contributions of a published article, providing critical analysis and insights for the reader.",i don ' t know how to explain it to you . i ' m not sure what you mean .
 What is an API?, An API (Application Programming Interface) is a set of rules and protocols that allows different software applications to communicate with each other.,"it ' s when you do something that you don ' t want to do , but you still want to ."
 Explain the main differences between abstract and concrete nouns.," Abstract nouns refer to intangible concepts, ideas, or qualities (e.g., love, freedom, happiness), while concrete nouns denote tangible objects that can be perceived through the senses (e.g., chair, apple, dog).",i ' m not sure what you mean by that . are you talking about the difference between the two ?
 List five species of animals commonly found in North America., 1. White-tailed deer 2. American bison 3. North American beaver 4. Bald eagle 5. Gray wolf,"i ' ve never been to north america , but i know that there are a lot of animals there ."
" Translate ""Yesterday evening I went to the store"" into Spanish.", Ayer por la noche fui a la tienda.,that ' s pretty cool . i ' ve never been to a store before . what did you buy ?
 Name a musical instrument that starts with the letter C., Clarinet,i ' m not sure what you ' re talking about . do you mean the musical instrument of the same name ?
 Write a sentence that expresses the emotion of annoyance.," Ugh, why is this taking so long?","that ' s a good idea , i ' ll try to do that . what do you do for fun ?"
 What is the maximum number of electrons that can occupy the third shell of an atom?, The maximum number of electrons that can occupy the third shell of an atom is 18.,"i ' m not sure of the exact number , but i know it ' s somewhere between 3 and 6 ."
 Select the most appropriate movie for a 7-year-old boy, Toy Story,i have a 7 year old son and he loves to watch horror movies . what movie would you recommend ?
 Name 3 things a software engineer should know., 1. Programming languages 2. Data structures and algorithms 3. Software development lifecycle,"i know a lot about software engineering , but i don ' t know much about it . what do you know about it ?"
" What year was the movie ""La La Land"" released?",2016,"i ' m not sure , but i do know that it was based on a novel by stephen king ."
 Answer the following question: What is the fastest land animal?, The fastest land animal is the cheetah.,"i ' m not sure , but i do know that there are a lot of different kinds of animals ."
 Name five ways to improve air quality, 1. Plant trees and vegetation. 2. Reduce emissions from vehicles and industries. 3. Promote renewable energy sources. 4. Implement air quality regulations. 5. Encourage public transportation and carpooling.,"i can ' t name 5 things , but i can tell you how to improve the air quality ."
 Compare the similarities and differences between a microwave oven and a convection oven.," Similarities: Both microwave and convection ovens are used for cooking and reheating food.  Differences: Microwave ovens use electromagnetic waves to heat food, while convection ovens use heated air circulated by a fan. Microwave ovens cook food faster but may not brown or crisp food, whereas convection ovens cook food more evenly and can brown and crisp food.","i don ' t know much about microwave ' s , but i do know that they ' ve been around for a long time ."
 Name three types of social media platforms," 1. Social networking sites (e.g., Facebook, LinkedIn) 2. Microblogging platforms (e.g., Twitter, Tumblr) 3. Media sharing platforms (e.g., Instagram, YouTube)","i use instagram , facebook , and instagram . i also use facebook , instagram and facebook ."
 Are Seattle and Vancouver closer to one another than Boston and New York?," Yes, Seattle and Vancouver are closer to each other than Boston and New York.","i ' m not sure , but i do know that seattle is the most populous city in the united states ."
" Rewrite this sentence to make it more engaging to read: ""I have been travelling for four days."""," ""After four exhilarating days on the road...""",that sounds like a lot of work . what are you going to do with the rest of the four days ?
 Make a list of popular tracking sports, 1. Running 2. Cycling 3. Swimming 4. Hiking 5. Skiing 6. Rowing 7. Triathlon,"i would love to do that , but i don ' t have a lot of time for it ."
" Find the total cost of 3 items priced at $10, $25 and $50", $85,"wow , that ' s a lot of money . do you have any idea how much that would cost ?"
 List the top 5 States in terms of population in the US., 1. California 2. Texas 3. Florida 4. New York 5. Pennsylvania,"i ' m not sure of the exact numbers , but i know that the us has the highest population of any country in the world ."
 Generate a list of items that traditionally serve as toppers for birthday cakes.," 1. Candles 2. Sprinkles 3. Fondant figures 4. Edible flowers 5. Chocolate shavings 6. Fruit slices 7. Whipped cream 8. Marzipan shapes 9. Glitter dust 10. Personalized cake toppers (e.g., names, numbers)",that ' s a great idea ! i ' ll have to try that . do you have a favorite topper ?
 Generate a biological description of a black widow spider.," The black widow spider (Latrodectus mactans) is a venomous arachnid known for its shiny, black body and distinctive red hourglass marking on its abdomen. Females are larger than males and are notorious for their potent venom, which can cause severe pain and muscle cramps in humans. Black widows primarily feed on insects and build irregular, tangled webs to trap their prey. They are found in temperate regions around the world.","have you ever seen one in person ? i ' ve never seen it in person , but i ' d like to ."
 Generate five adjectives to describe a sunny summer day., 1. Bright 2. Warm 3. Inviting 4. Cheerful 5. Vibrant,i love summer . it ' s the best time of year to go out and enjoy the outdoors .
 List the five different types of adjectives, 1. Descriptive 2. Quantitative 3. Demonstrative 4. Possessive 5. Interrogative,"i don ' t know about you , but i ' ve never heard of any of the five types ."
 What is a digital identity and why is it important?," A digital identity is a collection of electronic data that uniquely represents an individual or organization online. It is important because it allows for secure and personalized access to digital services, protects privacy, and ensures the integrity of online transactions.",it ' s just a way to keep my identity secure . i ' m not sure why it matters .
" In one sentence, describe the importance of color in design."," Color plays a crucial role in design by influencing mood, conveying messages, and enhancing aesthetics.",i think it ' s important to have a variety of colors in your design . i ' m not sure what you mean by that .
 What is the main purpose behind the formation of the United Nations?," The main purpose of the United Nations is to maintain international peace and security, promote cooperation among nations, and uphold international law.","i ' m not sure , but i do know that the united states is the most populous country in the world ."
 Calculate the total cost of two items that cost $7 and $3 each., $10,"wow , that ' s a lot of money . how did you manage to save that much money ?"
 List five fruits that are not citrus fruits., 1. Apple 2. Banana 3. Mango 4. Peach 5. Plum,"i don ' t know about you , but i ' m not a fan of fruits that aren ' t citrus ."
 Calculate the product of 5 and 3.,15,i ' m not sure what you mean . are you talking about the product 5 or the product 3 ?
 Explain why carbon dioxide is known as a greenhouse gas.," Carbon dioxide is known as a greenhouse gas because it traps heat from the sun in the Earth's atmosphere, contributing to the warming of the planet.","i ' m not sure what you mean by that , but it ' s because of greenhouse gas emissions ."
 Explain why air is transparent.," Air is transparent because it is composed of gases like nitrogen and oxygen that do not absorb or reflect visible light, allowing light to pass through it without obstruction.",i don ' t know . i ' m not sure . maybe it ' s an optical effect ?
 Summarize the primary differences between the US and Canadian health care systems.," The primary differences between the US and Canadian health care systems are their funding and administration. The US has a mixed system with both private and public funding, and health care is primarily provided by private entities. In contrast, Canada has a publicly funded system, where the government provides health insurance for all citizens, and health care is primarily provided by public and non-profit entities.",i ' m not sure what you mean . are you referring to the health care system in the united states ?
" Rank these numbers from smallest to largest: 2, 8, 0, 4."," 0, 2, 4, 8",2 . 8 . 0 . 4 . 4 is the highest number of people who have ever been to a concert .
 What year did the American Revolution start?,1775,"i ' m not sure of the exact date , but i know it started in the 19th century ."
" Edit this sentence to make it more concise: ""The red and yellow flowers were growing in the garden"".", The red and yellow flowers grew in the garden.,i ' m not sure what you ' re trying to say . what do you mean by that ?
 Create a birthday wish for someone who loves animals.," Happy Birthday! Wishing you a day filled with joy, laughter, and lots of furry cuddles. May your love for animals continue to grow and bring happiness to your life. Enjoy your special day!",that ' s a great idea . i think i ' ll do that . do you have any pets ?
 List 5 outdoor activities people could do to reduce stress, 1. Hiking 2. Gardening 3. Cycling 4. Yoga 5. Fishing,i do a lot of yoga . it helps a lot . it ' s a great way to relax .
 Identify the defining feature of a neuron., The defining feature of a neuron is its ability to transmit electrical and chemical signals.,what do you mean by that ? i ' m not sure what you ' re talking about . . .
 Replace the word ?€?confident?€? with an antonym., unsure,that ' s a good one . i think it ' s important to be confident in your abilities .
 Suggest 3 exercises to build upper-body strength., 1. Push-ups 2. Pull-ups 3. Bench press,"i don ' t have a lot of upper body strength , but i ' m working on it ."
" Write a definition of ""photoshop"".", Photoshop is a software program used for editing and manipulating digital images.,i don ' t know how to do that . i ' m not sure what i want to do .
 Make a list of 5 foods that are native to Mexico., 1. Tamales 2. Mole 3. Chiles en nogada 4. Pozole 5. Cochinita pibil,mexican food is one of the most popular foods in the world . i would love to visit there one day .
 Name two Supreme Court justices appointed by President Obama., Sonia Sotomayor and Elena Kagan.,"i ' m not sure , but i do know that he was the first to be nominated for a seat in the supreme court ."
 Generate a sentence to describe the benefit of using artificial intelligence.," Artificial intelligence can automate repetitive tasks, enabling increased efficiency and productivity.","i ' m not sure i understand what you mean . what do you mean by "" artificial intelligence "" ?"
 Please provide a psychology definition of memory.," Memory is the cognitive process of encoding, storing, and retrieving information, allowing individuals to retain and use past experiences and knowledge.",i ' m not sure what you mean by that . i can tell you that i remember a lot of things when i was younger .
" Translate this sentence to Spanish: ""I would like an apple juice.""", Quisiera un jugo de manzana.,do you like apple juice ? it ' s one of the most popular flavors in the world .
 Summarize in a sentence why it is important to make an effort to preserve native languages.," Preserving native languages is crucial to maintaining cultural diversity, identity, and historical heritage.",i ' m not sure i understand what you mean . what do you mean by summarise ?
" What is the primary benefit of switching from traditional, on-premise software to cloud software?"," The primary benefit is cost savings, as cloud software eliminates the need for hardware and maintenance expenses.","i ' m not sure , but i do know that it ' s a lot faster and more user - friendly ."
" Write a concise definition for ""algorithm"".", An algorithm is a step-by-step procedure used to solve a problem or perform a task.,that ' s a good idea . i ' m not sure how to do that . what do you think ?
" Explain what is meant by the saying ""do not put all your eggs in one basket."""," The saying ""do not put all your eggs in one basket"" means to avoid concentrating all resources or efforts in one area, as doing so increases the risk of losing everything if that area fails. It is a caution to diversify and spread out investments or resources.","i don ' t know what that means , but i do know that it ' s a great song ."
 Suggest three countries that share a border with Spain., 1. France 2. Portugal 3. Andorra,spain is the largest country in the world by area . i would love to visit there one day .
 Compare the advantages and disadvantages of using a recurrent neural network versus a convolutional neural network.," Advantages of Recurrent Neural Network (RNN): - Good for sequential data such as time series, speech, and text. - Can handle variable-length input and output sequences.  Disadvantages of RNN: - Prone to vanishing and exploding gradient problems. - Computationally expensive due to sequential processing.  Advantages of Convolutional Neural Network (CNN): - Efficient for spatial data like images and videos. - Parameter sharing and local connectivity reduce the number of parameters.  Disadvantages of CNN: - Not inherently suited for sequential data. - Requires fixed-size input.",i don ' t think i ' ve ever used a neural network before . what ' s it like ?
 How many days are in a leap year?, 366 days.,i ' m not sure . it ' s been a long time since i ' ve been in a relationship .
 Name five positive effects of technology on our lives., 1. Improved communication 2. Enhanced access to information 3. Increased productivity 4. Improved healthcare 5. Expanded educational opportunities,"i ' m not sure what you ' re asking , but i can tell you that i love technology !"
 List 4 ways to reduce plastic waste.," 1. Use reusable bags, bottles, and containers. 2. Avoid single-use plastics. 3. Recycle plastic properly. 4. Support plastic-free products and packaging.","i ' m not sure how to do that , but i do know that recycling is a great way to reduce waste ."
 Write a short persuasive essay about the importance of voting.," Voting is a fundamental right and responsibility that allows individuals to have a voice in the decisions that shape their lives and communities. It is the cornerstone of democracy, ensuring that elected officials are accountable to the people they represent. By voting, citizens can influence policies on education, healthcare, and social justice, among others. Moreover, voting sends a message that every voice matters and can lead to increased civic engagement and a stronger, more inclusive society. Therefore, it is crucial for everyone to participate in the electoral process and exercise their right to vote, as it has the power to create meaningful change and uphold the values of democracy.",that ' s a great idea . i ' d love to do something like that . do you have a favorite subject ?
 Give three types of kitchen utensils, 1. Spatula 2. Whisk 3. Measuring cup,what do you mean by that ? i ' m not sure what you ' re trying to say .
 Write a few sentences describing how to make a cup of tea.," 1. Boil water in a kettle. 2. Place a tea bag or loose tea leaves in a cup. 3. Pour the hot water over the tea. 4. Let it steep for 3-5 minutes. 5. Remove the tea bag or strain the tea leaves. 6. Add milk, sugar, or lemon if desired. 7. Stir and enjoy.","that ' s a good idea , i ' ll try to do that . what do you like to make ?"
 Identify the color of a banana., Yellow,i ' m not sure what you mean by that . are you referring to the size of the banana ?
" Arrange the words ""barbecue"" and ""Saturday"" into a meaningful sentence.", We will have a barbecue on Saturday.,i love bbq ! it ' s one of the most popular foods in the world . do you like it ?
 Create 3 statements about the effects of global warming," 1. Rising global temperatures contribute to more frequent and severe weather events, such as hurricanes and wildfires. 2. Melting polar ice caps and glaciers lead to rising sea levels, threatening coastal communities with increased flooding. 3. Global warming disrupts ecosystems, leading to habitat loss and endangering species survival.",i ' m not sure i understand what you ' re saying . what do you mean by that ?
 Find the net worth of Mark Zuckerberg.," As of September 2021, Mark Zuckerberg's net worth is estimated to be $117 billion.",i ' ve never heard of him . what does he have to do with the company he founded ?
 Calculate the total cost of purchasing 5 laptops at the price of 899 each., The total cost is $4495.,"wow , that ' s a lot of money . what kind of laptops do you have now ?"
" Describe the meaning of the phrase ""once in a blue moon""."," The phrase ""once in a blue moon"" means something that happens very rarely.",i ' m not sure what you ' re asking . what do you want to know about the phrase ?
 Develop a marketing plan within 100 words.," 1. Define target audience: Identify demographics, psychographics, and behavior patterns. 2. Set clear objectives: Increase brand awareness, generate leads, or boost sales. 3. Develop USP: Establish a unique selling proposition to differentiate from competitors. 4. Choose marketing channels: Utilize social media, email marketing, content marketing, and PPC advertising. 5. Create engaging content: Develop valuable and relevant content tailored to the audience. 6. Implement SEO strategies: Optimize website and content for search engines to increase visibility. 7. Measure and analyze results: Use analytics tools to track performance and adjust strategies accordingly. 8. Allocate budget: Distribute resources efficiently across chosen channels. 9. Monitor competitors: Stay updated on competitors' strategies and adapt as needed. 10. Continuously optimize: Refine tactics based on data-driven insights for continuous improvement.",what kind of marketing plan are you talking about ? i ' m not sure what you ' re talking about .
" Generate a word which rhymes with ""bee"".", tree,"bee is a great word . it ' s a latin word that means "" little bee "" in spanish ."
 Provide two examples for a metaphor, 1. Time is a thief. 2. The world is a stage.,i ' m not sure what you ' re asking . what do you want to know about examples ?
 Name three of the most useful keyboard shortcuts, 1. Ctrl + C (Copy) 2. Ctrl + V (Paste) 3. Ctrl + Z (Undo),"i ' m not sure what you ' re talking about , but i ' ll tell you the third one ."
" Translate the sentence ""I have a dog"" into French.", J'ai un chien.,"what is the meaning of the word "" dog "" ? i ' ve never heard of it before ."
 Name three distinct items that are typically found in a kitchen, 1. Refrigerator 2. Stove 3. Sink,"i can ' t think of any off the top of my head , but i ' m sure there are ."
 Name a mammal that can fly., Bat.,"i ' m not sure of the name , but i know it ' s a bird that flies ."
 Explain the concept of an LSTM network.," An LSTM (Long Short-Term Memory) network is a type of recurrent neural network (RNN) that is designed to remember long-term dependencies in sequential data. It achieves this by using special units called memory cells, along with gating mechanisms (input, output, and forget gates) that regulate the flow of information into and out of the cells. This allows LSTMs to capture and retain patterns over long sequences, making them effective for tasks such as language modeling, time series forecasting, and speech recognition.",i ' m not sure what you mean by that . it ' s a network of networks that connect to other networks .
 Generate a list of five different ways to help the homeless.," 1. Donate clothing, food, and hygiene products. 2. Volunteer at shelters and soup kitchens. 3. Offer job training and employment opportunities. 4. Advocate for affordable housing and support services. 5. Provide financial assistance or sponsor a homeless individual or family.",that ' s a great idea ! i ' ll have to look into that . do you have any suggestions ?
 Create a data set of 5-6 cities with their state and county information," 1. City: Los Angeles, State: California, County: Los Angeles 2. City: Denver, State: Colorado, County: Denver 3. City: Miami, State: Florida, County: Miami-Dade 4. City: Atlanta, State: Georgia, County: Fulton 5. City: Chicago, State: Illinois, County: Cook 6. City: Houston, State: Texas, County: Harris",that ' s a great idea ! i ' ll have to look into that . do you have a favorite city ?
